symbol,date,open,high,low,close,volume
TCS,2024-03-27,3646.6769913107573,3652.772761001774,3591.252286075508,3602.037109375,1968575
TCS,2024-03-28,3610.6650016041267,3671.5288233376846,3601.661927465741,3635.235595703125,4311783
TCS,2024-04-01,3655.304582916496,3688.6907341711717,3646.254801582969,3673.169921875,1569676
TCS,2024-04-02,3648.0836677291272,3666.6993019354495,3632.140885633653,3642.269287109375,2142666
TCS,2024-04-03,3611.509094088183,3733.424488071944,3611.509094088183,3701.8203125,3973090
TCS,2024-04-04,3728.6419806952936,3778.1115018886544,3690.5200621075737,3754.338134765625,3394637
TCS,2024-04-05,3730.610939757806,3753.1183964079287,3714.199252617092,3731.783203125,1636819
TCS,2024-04-08,3735.299831392985,3781.8620387375217,3713.7301863711327,3725.499755859375,2302538
TCS,2024-04-09,3736.237662579727,3766.1070236289547,3680.953770065772,3701.11669921875,1876992
TCS,2024-04-10,3710.3542591400274,3742.052307422326,3674.3424188992844,3736.847412109375,2101965
TCS,2024-04-12,3724.0460679227617,3763.762440285618,3700.131896496917,3752.555419921875,4354821
TCS,2024-04-15,3752.5557696224905,3811.4503293550783,3675.32719325435,3696.099609375,4200329
TCS,2024-04-16,3659.337150142385,3684.376648663715,3622.6219548397376,3631.953125,3051420
TCS,2024-04-18,3635.7043503536142,3691.222694685396,3610.5709793035503,3621.82470703125,3476284
TCS,2024-04-19,3599.3176775438415,3612.962869820078,3564.5248069516724,3588.25146484375,2957749
TCS,2024-04-22,3598.3792752878476,3636.8295099208426,3574.9340102677284,3624.262939453125,1728883
TCS,2024-04-23,3635.9390541705266,3652.772710601142,3620.5121138030436,3633.735107421875,1807586
TCS,2024-04-24,3648.0837008405756,3655.586186600659,3586.6101623523527,3592.7998046875,1317312
TCS,2024-04-25,3574.1840392334375,3632.7502707587055,3573.9965228878514,3612.63427734375,2856271
TCS,2024-04-26,3615.4006982107267,3635.704436508526,3566.0719945433134,3583.702880859375,2039178
TCS,2024-04-29,3599.3174341023114,3636.6423454168485,3581.6865473099597,3629.514892578125,1110693
TCS,2024-04-30,3631.2030581143713,3640.3467125091584,3573.058794270598,3583.04638671875,2203078
TCS,2024-05-02,3543.095825813969,3630.3591588386275,3543.095825813969,3623.044189453125,2491044
TCS,2024-05-03,3648.2239953859785,3651.4596252829774,3561.4298032069573,3604.38134765625,2962234
TCS,2024-05-06,3613.384573734727,3694.927167103904,3613.384573734727,3677.20263671875,2053831
TCS,2024-05-07,3686.3464581217104,3739.9891860111734,3670.1222867238534,3731.501953125,2062112
TCS,2024-05-08,3714.6676994941613,3736.5187317533064,3693.660834129821,3729.625732421875,1247685
TCS,2024-05-09,3715.6058295864877,3724.0461255143723,3666.8866116609574,3713.917724609375,1726486
TCS,2024-05-10,3716.1687445881325,3726.484662213695,3643.441479536376,3651.740966796875,1672489
TCS,2024-05-13,3642.925840662716,3709.0414982162547,3629.327584853832,3702.289306640625,931326
TCS,2024-05-14,3691.2230172569975,3700.413608162642,3650.803283386374,3658.587158203125,1058317
TCS,2024-05-15,3661.682141626229,3682.735947564617,3634.485629369305,3639.080810546875,1115021
TCS,2024-05-16,3675.6374588606977,3693.018499850829,3630.6731306245456,3684.94189453125,2599399
TCS,2024-05-17,3701.992923226846,3702.9375501529057,3617.9211268075583,3621.794189453125,2765804
TCS,2024-05-21,3618.487832180219,3631.8542103330115,3599.0757035999536,3608.66357421875,1908117
TCS,2024-05-22,3622.644183451547,3628.548101612322,3606.160490071024,3619.810302734375,1311168
TCS,2024-05-23,3628.2645114562283,3688.7679082914883,3613.6700725144915,3677.857421875,2095742
TCS,2024-05-24,3663.4990864307915,3668.7418115804035,3631.429050950218,3636.341064453125,1309452
TCS,2024-05-27,3641.536837624862,3691.9327769001197,3628.642772199506,3634.027099609375,1841538
TCS,2024-05-28,3644.3707893386604,3655.7063127891693,3617.921234620806,3627.27294921875,1801993
TCS,2024-05-29,3635.774396680819,3635.774396680819,3589.582233347775,3593.030029296875,1568095
TCS,2024-05-30,3567.856098444586,3584.292515624753,3509.714261782953,3529.220947265625,2919230
TCS,2024-05-31,3532.904510318457,3542.1618998121,3451.430442400017,3467.677978515625,10956800
TCS,2024-06-03,3526.103050659108,3543.814803588551,3491.340737451897,3497.8115234375,2156773
TCS,2024-06-04,3495.1194153242764,3537.627624429572,3392.6274000370645,3509.288818359375,3395997
TCS,2024-06-05,3510.2337143515874,3574.2794671048623,3495.1196832887176,3538.99755859375,2799670
TCS,2024-06-06,3571.63435096414,3627.2727837806888,3534.321587974697,3618.298828125,4328036
TCS,2024-06-07,3624.8168128885063,3698.2142761529285,3624.8168128885063,3678.329833984375,4552445
TCS,2024-06-10,3679.3217405498876,3689.6180814133613,3629.161960387638,3645.03173828125,1734661
TCS,2024-06-11,3632.0904200618043,3665.1050839975637,3628.3119124726636,3638.79736328125,1419898
TCS,2024-06-12,3659.8627850330167,3677.905253122157,3615.51259316224,3619.47998046875,2177001
TCS,2024-06-13,3643.23713885556,3674.5987063691045,3638.7028835305373,3663.40478515625,1932323
TCS,2024-06-14,3673.6538756786167,3673.6538756786167,3616.031636949793,3619.857421875,1860730
TCS,2024-06-18,3614.1895650327606,3629.2563169969253,3584.906133011182,3603.845947265625,1774045
TCS,2024-06-19,3615.7007640544557,3621.5576348500226,3582.922259445668,3591.187744140625,1509050
TCS,2024-06-20,3585.8033262818503,3598.9808239935414,3570.7365749735936,3577.537841796875,2846526
TCS,2024-06-21,3615.0867577407457,3663.073845227325,3587.7398580494246,3599.736572265625,4642195
TCS,2024-06-24,3597.8476118252383,3643.4258585651314,3581.363918973201,3605.451904296875,1702154
TCS,2024-06-25,3605.6406325261373,3634.593352796922,3582.875033532891,3625.90283203125,1338808
TCS,2024-06-26,3631.6179924136177,3652.8248194664434,3628.3117983770853,3642.339599609375,1639845
TCS,2024-06-27,3618.865303738709,3723.7188794930803,3606.6797101565076,3716.303466796875,4526556
TCS,2024-06-28,3700.8593836882187,3740.722593484322,3682.0141228075263,3687.965087890625,2731571
TCS,2024-07-01,3668.9307461619287,3780.113282123888,3668.9307461619287,3757.91455078125,2658723
TCS,2024-07-02,3772.4619129298726,3800.61160880511,3762.0237400230303,3794.94384765625,2307449
TCS,2024-07-03,3797.399960989219,3803.162277059337,3735.9992153513335,3745.681640625,1821198
TCS,2024-07-04,3778.3661175753045,3823.2358967427767,3761.598989570618,3798.297607421875,2518001
TCS,2024-07-05,3787.953678275629,3803.7761780539627,3767.171887521997,3789.654052734375,1668616
TCS,2024-07-08,3799.2895303521054,3808.0273294957547,3757.7732227074534,3772.084228515625,1758882
TCS,2024-07-09,3764.3382334203675,3785.0727479543702,3754.9865192673674,3764.810546875,1305801
TCS,2024-07-10,3763.109966642414,3781.6247453008073,3685.933998497865,3692.68798828125,2669716
TCS,2024-07-11,3713.3279506703648,3759.614663868749,3679.8882542002434,3706.43212890625,4872189
TCS,2024-07-12,3759.6153607360716,3967.3862483978237,3751.3971521774197,3952.272216796875,13509164
TCS,2024-07-15,4001.156559406364,4005.218270796749,3926.861280742083,3938.3388671875,4848030
TCS,2024-07-16,3940.983388073058,3962.2845399612966,3915.383907085896,3947.076416015625,2029521
TCS,2024-07-18,3929.6479414580676,4085.5113814437846,3929.6479414580676,4076.58447265625,5613364
TCS,2024-07-19,4087.804118951557,4126.955252351664,4057.363922028097,4073.601806640625,3903354
TCS,2024-07-22,4071.282819315056,4090.219237805453,4038.191243077126,4059.352783203125,1896386
TCS,2024-07-23,4055.234341117392,4129.749338708775,4039.422245498756,4073.555419921875,2365208
TCS,2024-07-24,4059.494423388743,4108.350472060897,4041.1261912304362,4077.247314453125,1809793
TCS,2024-07-25,4066.595968869741,4112.043374342557,4046.9022780908194,4092.633544921875,2810342
TCS,2024-07-26,4118.670068060141,4187.26741308513,4106.408555000571,4154.50732421875,3552210
TCS,2024-07-29,4180.21383187482,4195.362964674367,4138.553716676068,4148.11669921875,1746803
TCS,2024-07-30,4157.585227320139,4164.118198879963,4097.177778242139,4133.20458984375,1797906
TCS,2024-07-31,4118.670902108038,4179.267439518362,4113.936797622856,4152.14111328125,2330091
TCS,2024-08-01,4165.443127805721,4184.2847683252885,4132.919742480951,4163.265625,2202244
TCS,2024-08-02,4132.872913485503,4164.11800080395,4042.9249348414887,4055.28076171875,2811282
TCS,2024-08-05,4013.5734389112836,4013.5734389112836,3891.9069640587004,3934.087646484375,2787771
TCS,2024-08-06,3949.1424451879575,4031.799717033467,3939.531844107783,3949.379150390625,2203067
TCS,2024-08-07,4003.1587050867174,4019.207504026678,3957.995163908957,3977.073974609375,1237666
TCS,2024-08-08,3958.6580478204482,4006.945912072743,3938.7748095989155,3950.6572265625,2441283
TCS,2024-08-09,3992.7435074037467,4027.4443989451242,3981.902223791584,4003.86865234375,1302536
TCS,2024-08-12,4005.0521972685856,4013.573584922349,3963.723559610809,3972.52880859375,936912
TCS,2024-08-13,3988.956544779889,4008.8397841438527,3960.5519171170845,3973.76025390625,1495593
TCS,2024-08-14,3985.168737449799,4077.1999039105713,3965.42743135513,4066.83203125,3226545
TCS,2024-08-16,4118.670675923561,4191.575880991633,4095.0949293450403,4181.2080078125,3457058
TCS,2024-08-19,4185.894947757169,4255.249574521071,4156.87498137627,4251.2255859375,2055210
TCS,2024-08-20,4265.428244901237,4322.23750010525,4260.694140300903,4282.7548828125,2212298
TCS,2024-08-21,4277.736579801988,4317.503055311436,4253.639804359008,4309.455078125,1896990
TCS,2024-08-22,4317.503505386495,4318.403170209416,4258.04333501898,4262.587890625,1829872
TCS,2024-08-23,4260.6930139540655,4266.37393797267,4218.0860838145245,4226.5126953125,1809253
TCS,2024-08-26,4250.278259840725,4310.069896517647,4246.490976918167,4263.01318359375,1844164
TCS,2024-08-27,4265.428242149461,4270.162346746741,4248.1959164894,4257.99560546875,930697
TCS,2024-08-28,4259.510267771518,4319.8700965173775,4220.2643589002255,4266.421875,1848058
TCS,2024-08-29,4222.821074859477,4313.715878264525,4222.821074859477,4271.8662109375,2133641
TCS,2024-08-30,4260.693345971727,4348.037559564147,4249.141947974499,4311.5849609375,3637222
TCS,2024-09-02,4332.652505910395,4344.014356887433,4272.055967366194,4280.62451171875,1216500
TCS,2024-09-03,4280.62427113772,4313.6210706253505,4256.811818932973,4272.38720703125,1717263
TCS,2024-09-04,4238.869860215786,4248.3852249914535,4200.760320366018,4241.04736328125,1265505
TCS,2024-09-05,4242.704600629275,4259.747377422697,4217.282366116104,4237.92333984375,1688793
TCS,2024-09-06,4236.028665064455,4278.635596658736,4203.883917302406,4219.7431640625,1649179
TCS,2024-09-09,4218.086138893528,4251.461567938645,4194.88903218132,4212.92578125,1184938
TCS,2024-09-10,4206.204473662924,4298.5195066181295,4204.310831961278,4268.12646484375,1385591
TCS,2024-09-11,4281.003340307267,4307.419549702135,4233.4727484543055,4241.14208984375,1325919
TCS,2024-09-12,4270.399124104948,4291.560664475195,4195.647426325353,4277.453125,2742216
TCS,2024-09-13,4289.098178257309,4305.194131685647,4265.427658509752,4282.091796875,1458786
TCS,2024-09-16,4286.258044672285,4304.2947971775275,4255.43921052289,4273.2392578125,1155120
TCS,2024-09-17,4273.239877374013,4294.5905059936595,4228.502585133184,4266.0439453125,1699364
TCS,2024-09-18,4257.901071253871,4257.901071253871,4091.213423900801,4115.02587890625,2961779
TCS,2024-09-19,4156.590712046438,4187.031372404745,4054.097354431545,4067.684326171875,2927551
TCS,2024-09-20,4087.330983142617,4100.397388735434,4002.685288545634,4057.03271484375,5447908
TCS,2024-09-23,4071.329248327135,4080.2292709651647,4026.8286728221638,4041.50439453125,1702319
TCS,2024-09-24,4025.551067266487,4062.808562887148,4014.5206960245882,4044.156005859375,3012026
TCS,2024-09-25,4026.21366904617,4061.4827451400292,4014.5203392742264,4047.42236328125,2713073
TCS,2024-09-26,4033.457322455591,4087.2365684956953,4033.457322455591,4064.22900390625,3964251
TCS,2024-09-27,4104.468587471434,4145.181886032281,4071.37701220358,4079.5673828125,3012477
TCS,2024-09-30,4058.925803968104,4070.145722382854,4033.5035742219807,4041.50439453125,2503416
TCS,2024-10-01,4029.243299789114,4067.305683040906,4017.3137268821633,4059.873046875,1823365
TCS,2024-10-03,4035.918946931116,4051.446717559506,3986.116074065324,4007.65625,3350119
TCS,2024-10-04,4000.318271301223,4069.436196462167,3999.4186065272825,4026.119140625,2965463
TCS,2024-10-07,4046.6170237151414,4068.7253802139394,4004.483501248559,4045.623046875,1472619
TCS,2024-10-08,4045.3872397570553,4051.825437221579,3980.388074704301,4027.066162109375,1541867
TCS,2024-10-09,4033.457129138987,4066.5958614206456,4020.8645957979184,4026.7822265625,1082504
TCS,2024-10-10,4027.065497608203,4065.5065138830532,3975.3218342504942,4002.590087890625,2378875
TCS,2024-10-11,3922.6788421196575,4016.3669515997326,3893.7536496314738,3928.54931640625,5759183
TCS,2024-10-14,3919.8382019814067,3943.8873583904956,3902.984976280472,3916.666259765625,2137590
TCS,2024-10-15,3911.364268047913,3948.1959706652674,3877.231559755508,3897.8720703125,2759474
TCS,2024-10-16,3867.7630170426546,3896.167641402821,3850.909560357471,3877.183837890625,2359151
TCS,2024-10-17,3894.084306291897,3910.322652467529,3875.290052564961,3890.486572265625,2522659
TCS,2024-10-18,3881.944647481302,3935.238244757566,3872.4533402747466,3913.313232421875,2361000
TCS,2024-10-21,3922.37743300902,3929.353636003749,3862.961761386138,3872.310791015625,1595450
TCS,2024-10-22,3859.165228757121,3881.754584605675,3802.5496780872345,3811.234130859375,1928049
TCS,2024-10-23,3796.143361546141,3904.2965301967497,3791.919544419266,3859.40283203125,1966476
TCS,2024-10-24,3800.3195802607424,3871.504387583309,3800.3195802607424,3841.986328125,2676744
TCS,2024-10-25,3850.670942439126,3883.8430156937015,3827.5595160672574,3851.1455078125,1759676
TCS,2024-10-28,3861.9653632236445,3923.7063623671393,3844.928513292037,3882.75146484375,1532534
TCS,2024-10-29,3887.496763644427,3894.757520238166,3853.5653437958795,3867.944580078125,1445885
TCS,2024-10-30,3867.7076804676617,3898.079863479923,3853.518222560894,3876.86669921875,1935002
TCS,2024-10-31,3862.9619045386735,3870.839735602275,3758.5575287403312,3766.57763671875,3740372
TCS,2024-11-01,3786.889338989994,3795.5262896074955,3773.791288560614,3781.526611328125,154895
TCS,2024-11-04,3764.5371079100955,3788.834714578836,3714.1856783834955,3762.496337890625,2269192
TCS,2024-11-05,3740.61911840681,3783.234994421101,3740.61911840681,3769.330322265625,967590
TCS,2024-11-06,3799.9398000465167,3938.7024316660963,3773.031851752117,3929.06884765625,3792017
TCS,2024-11-07,3957.5905174928102,3991.8537654616457,3877.246463642715,3939.74658203125,3724349
TCS,2024-11-08,3943.6382119110012,3957.6378902806014,3908.1880861984155,3936.045166015625,1648039
TCS,2024-11-11,3918.201520379155,4018.903916361986,3908.1879134815194,3985.115234375,1406487
TCS,2024-11-12,4001.534781984057,4003.4330432658335,3952.512277070728,3983.880859375,1587640
TCS,2024-11-13,3965.5629857379695,3983.2641802267012,3920.9061091902613,3939.224609375,1098813
TCS,2024-11-14,3924.655300859059,3948.383567490613,3907.049112395529,3935.000732421875,1825432
TCS,2024-11-18,3998.6875479838523,3998.6875479838523,3787.221186498161,3815.03076171875,3313944
TCS,2024-11-19,3815.4102345767187,3921.9501508023773,3809.9054621443674,3834.060791015625,1776233
TCS,2024-11-21,3839.138846704682,3884.2700598437223,3819.302106879864,3865.667236328125,2384347
TCS,2024-11-22,3863.9112312507355,4038.504015740722,3847.776008717878,4028.680419921875,3096553
TCS,2024-11-25,4062.2796558913474,4107.932938170639,4035.89400612037,4095.59423828125,4052167
TCS,2024-11-26,4101.240893559863,4144.47407361588,4090.7531850402665,4131.28125,2060669
TCS,2024-11-27,4137.2131813248125,4154.724363536381,4104.088151292946,4112.15576171875,1558993
TCS,2024-11-28,4099.2955217974695,4119.179995477792,4017.670281030027,4028.96484375,2558544
TCS,2024-11-29,4005.331099119542,4080.027862103414,3982.219676510733,4053.594482421875,2017425
TCS,2024-12-02,4052.7884705955157,4070.0628363390956,4014.8705101832115,4059.10009765625,1670944
TCS,2024-12-03,4094.8823237874603,4104.990473536637,4048.469923029549,4083.872314453125,2010905
TCS,2024-12-04,4094.1224503683907,4163.789012881952,4070.8687487593297,4132.89453125,3302642
TCS,2024-12-05,4176.934278953506,4260.647793669346,4138.209931031042,4236.966796875,3746747
TCS,2024-12-06,4226.479320621802,4237.868889866684,4188.276807112925,4219.36083984375,1842087
TCS,2024-12-09,4205.07650413352,4242.0448686697655,4190.934085246633,4225.67236328125,2066639
TCS,2024-12-10,4200.994991803812,4265.20359458783,4187.659890094591,4207.0693359375,2087828
TCS,2024-12-11,4206.404597631399,4222.349806544079,4182.818609222603,4202.228515625,1635256
TCS,2024-12-12,4204.696838041356,4256.851762402647,4200.853043566135,4228.33056640625,1914642
TCS,2024-12-13,4209.347553772588,4266.247663475759,4170.8600242636485,4246.31591796875,1967048
TCS,2024-12-16,4232.1742831770125,4247.36037614199,4173.328172937727,4190.6025390625,1646224
TCS,2024-12-17,4185.666657040545,4207.449393387959,4098.346627007046,4108.3125,3225027
TCS,2024-12-18,4092.3672387441043,4140.108330075579,4071.3913564877716,4126.67822265625,1575404
TCS,2024-12-19,4064.177621267067,4142.006337975124,4045.1950074358338,4054.59130859375,3015763
TCS,2024-12-20,4108.786899056221,4159.090827365295,3941.265326479778,3958.15966796875,4116989
TCS,2024-12-23,3986.3959798160035,4002.4839296244636,3905.577598089669,3946.769775390625,2195338
TCS,2024-12-24,3946.77033195685,4003.43362482616,3946.77033195685,3966.89208984375,1181886
TCS,2024-12-26,3966.8918629397335,3986.3017716323247,3932.390868416551,3957.02099609375,1208464
TCS,2024-12-27,3951.2310760757846,3968.2681573970385,3936.2822676568094,3952.987060546875,858100
TCS,2024-12-30,3939.8415947124545,3985.684422832016,3902.825496858013,3947.24462890625,1527169
TCS,2024-12-31,3924.6552500458943,3929.353632155194,3826.9422956665308,3886.500244140625,1555429
TCS,2025-01-01,3886.1205985527304,3923.706266508262,3877.6259252343875,3903.252685546875,763161
TCS,2025-01-02,3910.4184830195177,3970.2137171045247,3888.541205767093,3963.33251953125,1720835
TCS,2025-01-03,3967.3190100554248,3967.3190100554248,3884.127566106747,3891.3408203125,1791953
TCS,2025-01-06,3896.656302584134,3938.560332599053,3859.545197490021,3886.6904296875,2085593
TCS,2025-01-07,3905.6253667734477,3929.7331926762554,3807.48511819948,3823.383056640625,2669054
TCS,2025-01-08,3829.6473413152235,3916.113240154538,3813.3698426153405,3899.408447265625,2181277
TCS,2025-01-09,3892.3851104960186,3927.2656647049257,3820.535960823577,3833.396728515625,2392472
TCS,2025-01-10,3986.3490838137277,4078.41476503514,3957.875161786487,4048.659423828125,7894300
TCS,2025-01-13,4029.0596808346854,4103.044601693763,4012.3548884093498,4072.814697265625,4003771
TCS,2025-01-14,4083.1605246383615,4094.4550879803073,4004.4299428133863,4017.7177734375,3441709
TCS,2025-01-15,4003.4334017642514,4039.9276635514543,3993.4202579833063,4033.426025390625,1653474
TCS,2025-01-16,4043.2968742708517,4075.567318807286,3978.613708278282,3992.328369140625,2637705
TCS,2025-01-17,4020.939449433567,4021.616254890533,3963.0886298542596,3986.528564453125,1761466
TCS,2025-01-20,4007.3105183689017,4007.3105183689017,3932.2063483825796,3941.582275390625,1287799
TCS,2025-01-21,3958.497981875744,3973.6734816653625,3895.379258358407,3901.033935546875,1971591
TCS,2025-01-22,3914.711087541146,4024.0812547656583,3909.104787428617,4017.750244140625,2409223
TCS,2025-01-23,4028.7691913739204,4051.339285916404,4001.7526640783626,4006.97265625,1822998
TCS,2025-01-24,3966.9071126772737,4038.4351649039104,3966.9071126772737,4013.64208984375,1910099
TCS,2025-01-27,3964.973867046099,4017.5084152856,3906.0599315038703,3929.354736328125,1551782
TCS,2025-01-28,3934.815871023738,3964.9735947079557,3893.73557415024,3905.334716796875,2468272
TCS,2025-01-29,3918.5772926221866,3970.6285432095738,3918.5772926221866,3962.84716796875,1217089
TCS,2025-01-30,3962.943972286711,3991.941831258984,3922.927021299046,3963.0888671875,1531251
TCS,2025-01-31,3972.706876888982,3990.540749832513,3948.7836420464023,3975.026611328125,1492943
TCS,2025-02-01,3975.6063179805924,3997.741255116248,3920.510387972108,3937.08740234375,437172
TCS,2025-02-03,3896.2488211358454,3940.8089579536745,3865.1245003058734,3932.73779296875,1265713
TCS,2025-02-04,3947.285364884988,3981.2613328675334,3930.2250514324437,3969.855224609375,2547132
TCS,2025-02-05,4011.3703550712034,4011.3703550712034,3939.8423053663196,3954.43798828125,1693912
TCS,2025-02-06,3968.259986916976,4001.2209788539626,3916.2089750568643,3946.36669921875,2284536
TCS,2025-02-07,3953.374595002479,3953.374595002479,3874.113784051329,3894.798828125,1548940
TCS,2025-02-10,3905.045086746592,3916.644230568612,3880.2520112210996,3902.096923828125,1339511
TCS,2025-02-11,3884.1662899452554,3905.044841909931,3822.8842449885587,3831.148681640625,1810908
TCS,2025-02-12,3838.446649169052,3887.404606196338,3808.5303361658844,3818.1962890625,1678002
TCS,2025-02-13,3835.4501025039126,3851.3505477933163,3771.896462322554,3779.532470703125,2277310
TCS,2025-02-14,3793.886412954254,3816.1181040365336,3769.72153134308,3803.407470703125,1681975
TCS,2025-02-17,3727.674956536778,3802.5860959459837,3727.3849307355754,3774.071533203125,1799806
TCS,2025-02-18,3768.1752947909295,3793.306774402773,3735.407806152644,3743.817138671875,2149879
TCS,2025-02-19,3742.850263486918,3745.508400554833,3642.2759755929487,3657.693359375,4366672
TCS,2025-02-20,3635.848185178673,3661.4629603766616,3625.988960412709,3653.150146484375,2888572
TCS,2025-02-21,3649.960586134303,3689.4942392872176,3648.8972369162293,3659.52978515625,1833931
TCS,2025-02-24,3618.1109478843173,3637.491230016548,3547.4045991108223,3552.817626953125,2508516
TCS,2025-02-25,3503.90809636369,3535.8057424823114,3500.2833638502107,3508.30615234375,4101954
TCS,2025-02-27,3491.0520789257853,3516.4735816470966,3480.419530987875,3491.873779296875,3823856
TCS,2025-02-28,3465.1955095907815,3479.7428149447355,3341.5196975733197,3366.892822265625,7085018
TCS,2025-03-03,3368.584583379958,3405.5568531975428,3360.0301206751515,3376.36572265625,4990439
TCS,2025-03-04,3357.951843598488,3432.379676631615,3348.5759170238152,3414.062744140625,2797737
TCS,2025-03-05,3403.2370189380595,3480.081342184221,3403.2370189380595,3428.561767578125,2501894
TCS,2025-03-06,3438.1793081878077,3488.877181911339,3417.9775618337376,3481.28955078125,2786513
TCS,2025-03-07,3479.743027656133,3503.9079097926337,3454.998093954285,3490.56884765625,2051315
TCS,2025-03-10,3486.0259949428714,3501.1049762137254,3462.9244613654673,3469.73876953125,1004626
TCS,2025-03-11,3439.146018462038,3468.8688234276665,3419.4757100500633,3455.8681640625,1995450
TCS,2025-03-12,3445.912267227522,3450.020297279617,3370.3729384283747,3389.076416015625,3174167
TCS,2025-03-13,3385.3064520665353,3406.5715466921038,3367.7144664369603,3393.76416015625,1693004
TCS,2025-03-17,3372.450776071524,3412.516101378981,3361.1900359739784,3380.860107421875,2690906
TCS,2025-03-18,3380.860107421875,3380.860107421875,3380.860107421875,3380.860107421875,0
TCS,2025-03-19,3428.5132810234372,3428.5132810234372,3347.0776328908673,3380.2802734375,3051244
TCS,2025-03-20,3394.68252652922,3459.3960314822807,3394.68252652922,3444.123779296875,2845192
TCS,2025-03-21,3358.9186380800415,3495.450223009194,3349.252685164703,3458.57470703125,4161925
TCS,2025-03-24,3479.7429444303652,3527.831058731868,3447.4587570622184,3507.725830078125,1834751
TCS,2025-03-25,3523.2398747468987,3586.0685693582973,3516.473707634902,3535.56396484375,3135390
TCS,2025-03-26,3525.897934373459,3557.553929809202,3504.7295921250025,3514.34716796875,1734499
TCS,2025-03-27,3494.0970689111577,3540.638537603521,3489.892285017066,3529.232666015625,2528474
TCS,2025-03-28,3529.0391458412178,3538.656721076703,3471.9132739836596,3485.687255859375,2051919
TCS,2025-04-01,3453.354619757771,3464.2771927018816,3407.248075969345,3432.186279296875,2618493
TCS,2025-04-02,3425.6135625063594,3445.0422214056125,3412.129605979645,3425.565185546875,1764313
TCS,2025-04-03,3374.3842427691143,3385.0167912281404,3282.702582798802,3289.46875,4537821
TCS,2025-04-04,3250.2733357697866,3286.085501586113,3185.414699028632,3189.184326171875,5317367
TCS,2025-04-07,2996.4454369330797,3181.4516833870694,2953.963620596823,3164.681396484375,6623955
TCS,2025-04-08,3191.7460628104113,3237.127665022999,3146.5577324611054,3182.949951171875,5557558
TCS,2025-04-09,3151.6321497293247,3160.76642752928,3104.752280697163,3138.148193359375,2990265
TCS,2025-04-11,3179.6636391398747,3188.749540631033,3098.904554048043,3123.552734375,7108961
TCS,2025-04-15,3203.683386247662,3203.683386247662,3130.415650876791,3139.69482421875,3512160
TCS,2025-04-16,3139.695005759879,3168.596348657385,3121.136422017699,3164.43994140625,2384391
TCS,2025-04-17,3137.085076745666,3193.2443586174536,3110.50370573642,3188.701171875,2932346
TCS,2025-04-21,3180.1953142330854,3241.9606599617177,3174.3957423905777,3210.64306640625,2432946
TCS,2025-04-22,3211.6096198122023,3222.531957851611,3184.931495290658,3203.683349609375,2710498
TCS,2025-04-23,3252.593171873855,3306.625754540036,3225.818529364827,3298.98974609375,3543923
TCS,2025-04-24,3287.487161364933,3298.5062526941524,3274.534643572778,3287.970458984375,2252175
TCS,2025-04-25,3305.7558885472554,3361.625143451318,3291.256959211522,3332.820556640625,2742991
TCS,2025-04-28,3320.2546435993536,3342.2930622298845,3291.2567864500143,3328.470703125,1593296
TCS,2025-04-29,3339.586779424834,3378.250591632357,3315.808440523134,3356.502197265625,1578332
TCS,2025-04-30,3356.018573547744,3392.652437661013,3253.5594811525652,3338.329833984375,2809332
TCS,2025-05-02,3356.0185874198487,3374.867194117627,3305.7556362257724,3316.38818359375,1721761
TCS,2025-05-05,3334.753505470742,3387.4329449049897,3331.27366828836,3338.909912109375,1284443
TCS,2025-05-06,3344.419921875,3356.9856614658597,3322.1882287527096,3344.419921875,1324763
TCS,2025-05-07,3306.335750758935,3343.9362109554654,3306.335750758935,3330.017333984375,1477128
TCS,2025-05-08,3332.820588313161,3360.851851961966,3314.1652518601954,3333.6904296875,2543591
TCS,2025-05-09,3285.457254527544,3331.0805031274213,3284.5874131966707,3325.377685546875,2531757
TCS,2025-05-12,3387.916425868549,3509.22413241534,3385.209911911905,3499.46142578125,2228678
TCS,2025-05-13,3499.4613194961807,3501.97456151927,3393.232596801932,3397.582275390625,3062887
TCS,2025-05-14,3403.3820953219624,3442.0459078220697,3391.396407841002,3430.15673828125,2119499
TCS,2025-05-15,3444.945682102287,3479.7431132346333,3396.712670565691,3460.314453125,3548330
TCS,2025-05-16,3473.8465567565913,3473.8465567565913,3427.6434928317944,3442.335693359375,1666727
TCS,2025-05-19,3431.413341631395,3431.413341631395,3386.659931697025,3401.255615234375,2537377
TCS,2025-05-20,3413.821619142175,3439.1463709668697,3377.2842664862965,3381.440673828125,2038374
TCS,2025-05-21,3390.816042208948,3418.847303675328,3381.4401157430884,3408.021484375,1440153
TCS,2025-05-22,3378.2502763697153,3380.956790168703,3336.0101126719387,3360.8515625,2034383
TCS,2025-05-23,3360.851966080111,3416.9144952813326,3349.8328737001534,3397.196044921875,1274331
TCS,2025-05-26,3403.3819012793415,3426.5801874567637,3392.8461073678304,3419.137451171875,967470
TCS,2025-05-27,3414.014574749619,3421.747337093333,3366.7481593177404,3381.826904296875,2467680
TCS,2025-05-28,3402.4152283668,3411.114585484783,3376.31715701285,3380.860107421875,1222933
TCS,2025-05-29,3387.626457620242,3414.4978538154573,3370.034470581059,3381.2470703125,3188072
TCS,2025-05-30,3373.4175839622008,3389.5596782127777,3337.7503119241223,3347.7060546875,3404365
TCS,2025-06-02,3334.7535745851437,3344.419526975246,3304.4025784742903,3334.560302734375,1877585
TCS,2025-06-03,3330.887082808426,3357.4684509968274,3286.907000896707,3291.449951171875,2848125
TCS,2025-06-04,3304.907652247958,3310.563782597761,3286.3791053631217,3297.008544921875,2544807
TCS,2025-06-05,3324.4113841471617,3324.4113841471617,3280.235380032571,3287.451904296875,3584683
TCS,2025-06-06,3287.4520036268846,3306.7605099618336,3275.359545608902,3300.226806640625,2070390
TCS,2025-06-09,3315.634960419095,3348.791310023286,3306.760665733127,3336.991455078125,1718678
TCS,2025-06-10,3354.642197095073,3399.305794893864,3338.259013167141,3376.973876953125,2419874
TCS,2025-06-11,3383.8979728571367,3402.4265208353168,3363.516665314218,3385.750732421875,2847013
TCS,2025-06-12,3385.7505745896515,3388.481144938844,3338.259030391803,3348.986083984375,4060134
TCS,2025-06-13,3309.003383077588,3364.881627257479,3309.003383077588,3360.20068359375,2178493
TCS,2025-06-16,3354.642349665819,3421.9302340050463,3341.1847251814343,3409.54541015625,1934088
TCS,2025-06-17,3422.905193528652,3432.6570601768817,3401.5487008021014,3428.07373046875,2111940
TCS,2025-06-18,3431.7796073253016,3450.2105407013996,3357.665418209048,3365.75927734375,2696327
TCS,2025-06-19,3364.3939151942172,3365.3691018363024,3328.312009437062,3339.0390625,2672768
TCS,2025-06-20,3340.0145242959966,3360.786049100129,3326.2642962767654,3350.448974609375,2351248
TCS,2025-06-23,3330.262454041982,3340.0143206716803,3286.3790542083398,3309.3935546875,3123421
TCS,2025-06-24,3349.376392565029,3356.690292940616,3298.081476031171,3306.27294921875,3403048
TCS,2025-06-25,3322.7537403887272,3364.3941654870573,3315.634829755361,3359.3232421875,1757699
TCS,2025-06-26,3359.3232652421043,3365.759354753242,3330.555256962972,3356.397705078125,2879106
TCS,2025-06-27,3369.2703330730474,3380.387367158931,3345.8658502962735,3355.71533203125,1778433
TCS,2025-06-30,3354.544471150048,3378.924137465807,3344.890218522079,3376.09619140625,1468351
TCS,2025-07-01,3369.2699264830403,3398.525526423559,3328.7996798986564,3344.59765625,2375183
TCS,2025-07-02,3400.671024568939,3403.3039810516498,3335.1385257152824,3338.356689453125,3090585
TCS,2025-07-03,3344.8904436190446,3350.058980842342,3313.294489180619,3316.4150390625,2531870
TCS,2025-07-04,3323.4363525656718,3341.964900305915,3305.980605453995,3334.943603515625,1109320
TCS,2025-07-07,3333.481005692293,3341.0875101654565,3323.8265137554163,3327.044677734375,1639174
TCS,2025-07-08,3320.510975827842,3340.0147113686808,3309.1987139810713,3321.68115234375,2325242
TCS,2025-07-09,3325.3865128143525,3329.28725945695,3283.4534864064294,3299.836669921875,2034938
TCS,2025-07-10,3296.1311694956757,3314.659717489882,3272.7266878187834,3298.08154296875,3035012
TCS,2025-07-11,3218.0184502225306,3252.247598137654,3180.1813972680684,3184.959716796875,7635550
TCS,2025-07-14,3184.9597625910983,3190.8108827918168,3120.5974403831947,3142.734130859375,3924009
TCS,2025-07-15,3126.448660244279,3178.523536457564,3126.448660244279,3171.599853515625,2590889
TCS,2025-07-16,3157.607249475903,3175.1222359666176,3151.344969328223,3163.576171875,2540733
TCS,2025-07-17,3154.7696780470374,3172.2846643823304,3135.199754145851,3140.18994140625,2947640
TCS,2025-07-18,3155.6502438038765,3159.3685771406017,3118.46738821797,3121.304931640625,3432645
TCS,2025-07-21,3121.4030943290218,3128.83976152069,3084.2202361520617,3090.286865234375,3844346
TCS,2025-07-22,3091.65673828125,3111.7159107005,3086.764257203384,3091.65673828125,3198036
TCS,2025-07-23,3091.6566291573,3113.5748480562365,3089.6996367952283,3110.7373046875,1922875
TCS,2025-07-24,3097.0385335433134,3105.4534578423713,3072.478182452152,3080.30615234375,2934778
TCS,2025-07-25,3072.4780444334683,3089.014534530361,3058.3877948178133,3068.368408203125,2568917
TCS,2025-07-28,3043.12328264916,3050.9512525080645,3003.885488175128,3013.08349609375,3374473
TCS,2025-07-29,2994.1984086760676,3007.8973556438664,2975.802632112602,2990.284423828125,4785312
TCS,2025-07-30,2994.1983151611034,3003.0047807939304,2981.673516260727,2987.93603515625,2880121
TCS,2025-07-31,2976.2918502873677,2994.0027271024683,2950.166049468222,2971.497314453125,2968371
TCS,2025-08-01,2964.7455243430377,2971.4972914199097,2935.488583681943,2938.424072265625,2053847
TCS,2025-08-04,2944.392964480288,3013.181055141491,2927.2692812506943,3008.28857421875,2519252
TCS,2025-08-05,3008.2886143717656,3011.322048140622,2976.5854331255146,2998.014404296875,1927996
TCS,2025-08-06,2997.1337788834585,3000.8521121202134,2960.9294204705666,2967.093994140625,1487081
TCS,2025-08-07,2951.1446440658847,2985.9792055799644,2946.154217712285,2981.47802734375,2543076
TCS,2025-08-08,2982.5543093380406,2994.002666894786,2959.9509519667536,2971.105712890625,2762140
TCS,2025-08-11,2971.105606429514,2984.3153044195046,2956.3304579380692,2975.4111328125,1884215
TCS,2025-08-12,2975.6068714078456,3029.8154640054736,2961.809979769089,2970.127197265625,3358232
TCS,2025-08-13,2970.812449963036,2978.9337774241835,2963.473728360306,2970.91015625,2148166
TCS,2025-08-14,2968.757439673081,2990.1864106721328,2954.1779420022144,2957.30908203125,3342174
TCS,2025-08-18,2980.988718063058,2983.434958599791,2938.815435653507,2946.44775390625,2945609
TCS,2025-08-19,2946.4476070609903,2959.950901928915,2946.349900778797,2951.340087890625,2650784
TCS,2025-08-20,2946.1539583708727,3036.664852119672,2946.1539583708727,3031.96826171875,4952358
TCS,2025-08-21,3062.693270119804,3062.693270119804,3016.801891436903,3035.882568359375,3230726
TCS,2025-08-22,3019.639270954844,3029.1306363096523,2984.4134077810354,2988.327392578125,1593791
TCS,2025-08-25,3020.9115315912086,3084.220191422538,3010.9309175823823,3073.0654296875,3448370
TCS,2025-08-26,3061.7145608480614,3094.0049349317896,3052.9080951888627,3089.30810546875,5522097
TCS,2025-08-28,3077.370733980466,3078.838478368692,3020.1287028396528,3027.173828125,3116051
TCS,2025-08-29,3026.4887537573413,3048.0156702082504,3011.028465982645,3018.3671875,2271789
TCS,2025-09-01,3023.5531276055535,3063.7694152474464,3023.5531276055535,3045.667236328125,1246862
TCS,2025-09-02,3053.9847239556466,3087.1556510845603,3036.371791556432,3044.591064453125,2185229
TCS,2025-09-03,3062.595272321678,3074.33722714916,3021.5963756053266,3030.89208984375,1799774
TCS,2025-09-04,3048.99413571954,3050.951128104469,3024.3360794475675,3029.130615234375,1481391
TCS,2025-09-05,3030.5006621101975,3036.664997028233,2963.47367273015,2982.75,2802055
TCS,2025-09-08,2984.413214194218,2998.9927110613953,2951.144345576971,2954.079833984375,2626187
TCS,2025-09-09,2966.898378981974,2994.19832699537,2965.62628616296,2983.826171875,2489301
TCS,2025-09-10,2990.675797260498,3055.550145422665,2987.740308555338,3043.123291015625,2079428
TCS,2025-09-11,3071.4996140027415,3071.4996140027415,3043.221168990462,3057.017822265625,2263446
TCS,2025-09-12,3076.3919302537256,3080.990814432397,3053.886518550216,3066.019775390625,1447167
TCS,2025-09-15,3066.607284819441,3066.607284819441,3029.4244268669395,3044.982421875,1732539
TCS,2025-09-16,3060.736085121159,3082.26300132086,3042.242602669502,3078.055419921875,2573429
TCS,2025-09-17,3084.2199854121977,3113.966173979194,3074.8263264485827,3104.57275390625,2418271
TCS,2025-09-18,3116.51048247651,3134.1234145595795,3093.4178759668794,3108.388916015625,2633138
TCS,2025-09-19,3101.8328935510035,3112.107103450778,3076.3919928468,3101.050048828125,4901694
TCS,2025-09-22,3028.445731768582,3040.089740964508,2999.090845838676,3007.70166015625,3634901
TCS,2025-09-23,3003.983542191669,3014.4534044791503,2986.3706093710016,2996.546875,3177741
TCS,2025-09-24,2984.4133369924134,2991.262810224855,2967.778901999341,2970.127197265625,1625714
TCS,2025-09-25,2957.015390749667,2964.4520571099356,2887.5421635017433,2893.804443359375,4974361
TCS,2025-09-26,2877.7574418213358,2891.260737711385,2829.126226471788,2836.758544921875,3934636
TCS,2025-09-29,2853.2947314486933,2866.3087778304835,2831.7678164651984,2833.82275390625,3110035
TCS,2025-09-30,2848.402439766557,2852.610021207006,2823.0594837288886,2826.288330078125,2253458
TCS,2025-10-01,2828.8326264436423,2861.9058470940704,2804.957413772581,2851.53369140625,1952902
TCS,2025-10-03,2861.1229086009284,2861.1229086009284,2828.9304789544044,2839.498046875,2899519
TCS,2025-10-06,2839.5959635916415,2929.22631078988,2833.3336834873367,2924.137939453125,2112774
TCS,2025-10-07,2930.5959216848555,2939.891634958981,2891.9453243871753,2909.75390625,3062943
TCS,2025-10-08,2911.0263039913752,2977.5640480826064,2904.176830334925,2962.103759765625,4121889
TCS,2025-10-09,2968.757519004287,3000.069397912704,2955.0585719818546,2995.86181640625,3211304
TCS,2025-10-10,2984.413250266025,3003.983173218589,2942.239970746985,2963.179931640625,8817365
TCS,2025-10-13,2961.9079637241057,2970.225181329542,2933.7272257063764,2942.53369140625,2866865
TCS,2025-10-14,2956.0370052457697,2962.1036338769445,2891.9455044700007,2896.642333984375,3611416
TCS,2025-10-15,2917.954894078994,2926.499513769408,2898.31197994854,2916.7763671875,4282226
TCS,2025-10-16,2916.87439174088,2921.883430677564,2890.553079047838,2917.66015625,3251495
TCS,2025-10-17,2916.972551528368,2935.4369375213087,2902.6331292681275,2909.311767578125,4374683
TCS,2025-10-20,2932.1958010354274,2969.0262624451843,2925.320781572273,2961.365478515625,3133039
TCS,2025-10-21,2976.981832168517,2977.669286180243,2942.508423286113,2953.017333984375,310644
TCS,2025-10-23,3000.4550745732363,3042.687339125331,2981.892616996725,3018.330078125,5564758
TCS,2025-10-24,3025.0086400055093,3034.8300966289034,3003.6961270890743,3008.508544921875,2684318
TCS,2025-10-27,3011.7496607245316,3038.9550474990237,3005.5620951218402,3029.821044921875,1946312
TCS,2025-10-28,3021.0801556355614,3035.0265765381446,2985.919291823652,3003.30322265625,3470737
TCS,2025-10-29,3003.3032409472494,3021.080174034828,2991.714113509379,3003.0087890625,2895420
TCS,2025-10-30,2994.6603471523654,3009.0978400091353,2978.6513253692647,2981.106689453125,2241536
TCS,2025-10-31,2980.8120174669925,3012.6334402910475,2971.088871543434,3003.4013671875,1868085
TCS,2025-11-03,2992.499451583931,3003.4013640895914,2956.2583734171585,2962.93701171875,2194877
TCS,2025-11-04,2965.6872390451917,2975.214004338424,2922.8655907942766,2936.81201171875,2670720
TCS,2025-11-06,2936.7138956519902,2970.0085383136757,2936.61558517126,2957.142333984375,2542721
TCS,2025-11-07,2947.419237380036,2950.3656744717186,2907.6423366423182,2938.383544921875,1830520
TCS,2025-11-10,2939.5619693268272,2993.4816703122747,2938.579823663838,2971.18701171875,1556656
TCS,2025-11-11,2990.633609021809,3001.142519888641,2964.1156755427983,2992.597900390625,2806868
TCS,2025-11-12,3005.3656835637266,3080.4015151753365,3002.51755709654,3075.8837890625,4460315
TCS,2025-11-13,3075.8838537295965,3075.9819244274895,3046.61586484088,3050.249755859375,1740435
TCS,2025-11-14,3034.830102963518,3057.517763723578,3022.356900982103,3050.54443359375,2210794
TCS,2025-11-17,3050.544457369475,3067.7320066302495,3031.4909272444793,3046.812255859375,2232853
TCS,2025-11-18,3046.6158078736476,3049.5622448251693,3023.0443122614724,3031.98193359375,2548350
TCS,2025-11-19,3041.705020306013,3098.6694669245953,3028.4460542827223,3091.499755859375,3151053
TCS,2025-11-20,3091.794673762747,3108.0000778660146,3082.0715272134535,3088.65185546875,2700767
TCS,2025-11-21,3088.6516518716926,3113.4016740052466,3079.2229578295533,3094.34814453125,4177037
TCS,2025-11-24,3101.616062202543,3122.1428110333977,3075.0981288018247,3085.115966796875,6703764
TCS,2025-11-25,3089.142887490615,3093.562543096727,3059.3838251197944,3063.5087890625,2737920
TCS,2025-11-26,3063.115986297256,3121.2589624366606,3061.348076121797,3106.428466796875,2508527
TCS,2025-11-27,3123.223169867727,3123.223169867727,3069.205159068128,3080.59814453125,2836233
TCS,2025-11-28,3083.937297684263,3091.1070087848907,3069.205113141185,3081.48193359375,1616690
TCS,2025-12-01,3081.8747335418534,3097.687374390369,3066.4550948216056,3077.455078125,1747647
TCS,2025-12-02,3075.0980746626374,3087.8659682974553,3064.6872347092776,3079.714111328125,2512003
TCS,2025-12-03,3083.9373188138757,3154.5534946281955,3082.9551731709416,3123.22314453125,3952112
TCS,2025-12-04,3136.9731988901626,3191.9733551637537,3130.4909417024,3171.544677734375,5025905
TCS,2025-12-05,3172.330486734928,3213.187842167148,3164.866083794654,3180.384033203125,5244013
TCS,2025-12-08,3185.0983021118977,3201.6964674714213,3151.3125880977464,3178.71435546875,2544725
TCS,2025-12-09,3172.330579931189,3175.964471029267,3124.401822284255,3151.01806640625,2734893
TCS,2025-12-10,3167.41989738469,3167.41989738469,3121.357359750894,3132.259033203125,1386849
TCS,2025-12-11,3147.7768486239356,3151.1160479641035,3096.8035846478047,3134.91064453125,1914362
TCS,2025-12-12,3140.607031689688,3165.4553640739014,3128.8212841349605,3163.0,1146554
TCS,2025-12-15,3153.7680172761306,3180.384020730158,3140.2143592438706,3172.52685546875,1562190
TCS,2025-12-16,3162.509118995985,3162.509118995985,3134.1252044928165,3147.875244140625,1734623
TCS,2025-12-17,3143.3572206041695,3179.107227122374,3143.3572206041695,3160.348388671875,1376350
TCS,2025-12-18,3170.366292342023,3229.09865265339,3163.4912725011322,3222.2236328125,2307422
TCS,2025-12-19,3240.09857605464,3258.661033366418,3220.259281411304,3223.402099609375,3902511
TCS,2025-12-22,3250.9022578364156,3269.170263717588,3232.2414895890165,3265.5361328125,2632816
TCS,2025-12-23,3260.625245626059,3260.625245626059,3234.6966963938,3250.902099609375,2365420
TCS,2025-12-24,3245.107580613968,3267.696930860065,3237.2504153109776,3259.741455078125,1367708
TCS,2025-12-26,3253.9468611908032,3260.7235702886815,3213.384197736604,3221.437744140625,1176664
TCS,2025-12-29,3221.437683809396,3229.294848891858,3184.9999848268185,3193.446533203125,2079473
TCS,2025-12-30,3191.973384551631,3209.160933545371,3181.6608551553877,3188.83056640625,2807593
TCS,2025-12-31,3182.151893056932,3188.0447669329633,3141.392848747715,3148.955322265625,3362634
TCS,2026-01-01,3157.59834501185,3176.3574233163417,3141.0982497161094,3169.77685546875,1255735
TCS,2026-01-02,3176.2591039024273,3196.196709004467,3162.017991655493,3192.660888671875,1184324
TCS,2026-01-05,3182.642968809425,3189.026915514335,3134.026759287417,3158.6787109375,2341703
TCS,2026-01-06,3152.6876022111082,3204.9377039238207,3147.7768738587542,3197.669921875,2912325
TCS,2026-01-07,3185.0000101265678,3241.6700055592964,3165.651788913644,3236.75927734375,1989442
TCS,2026-01-08,3228.2143763788763,3228.2143763788763,3125.1873956711997,3146.6962890625,4159336
TCS,2026-01-09,3134.0267606372377,3172.0357492326657,3134.0267606372377,3150.52685546875,1938673
TCS,2026-01-12,3145.8126491306843,3193.937788002805,3117.6251157476318,3181.75927734375,2228342
TCS,2026-01-13,3187.0627488471305,3221.437847833155,3153.1787227037635,3209.652099609375,5645341
TCS,2026-01-14,3201.7948316366483,3201.7948316366483,3126.1696162881753,3135.5,3539511
TCS,2026-01-15,3135.5,3135.5,3135.5,3135.5,0
TCS,2026-01-16,3219.39990234375,3221.89990234375,3171.0,3206.699951171875,4293470
TCS,2026-01-19,3188.0,3220.0,3152.10009765625,3163.60009765625,3387562
TCS,2026-01-20,3151.60009765625,3160.0,3091.10009765625,3102.300048828125,4499273
TCS,2026-01-21,3100.0,3138.5,3082.0,3122.60009765625,2015150
TCS,2026-01-22,3150.0,3160.0,3122.300048828125,3150.39990234375,2269827
TCS,2026-01-23,3190.300048828125,3194.5,3152.0,3162.5,2068857
TCS,2026-01-27,3175.0,3175.0,3130.0,3158.0,4279874
TCS,2026-01-28,3176.0,3205.199951171875,3170.60009765625,3200.10009765625,2751234
TCS,2026-01-29,3200.10009765625,3200.10009765625,3125.60009765625,3144.39990234375,2457641
TCS,2026-01-30,3141.0,3141.0,3092.0,3123.89990234375,3022068
TCS,2026-02-02,3198.0,3198.0,3134.0,3169.60009765625,2636272
TCS,2026-02-03,3350.0,3350.0,3186.300048828125,3225.300048828125,4366060
TCS,2026-02-04,3120.0,3120.0,2986.0,2999.10009765625,10852595
TCS,2026-02-05,2990.0,3029.699951171875,2972.300048828125,2991.5,3521545
TCS,2026-02-06,2976.60009765625,2985.0,2916.0,2941.60009765625,4687389
TCS,2026-02-09,2959.10009765625,2977.0,2937.5,2948.199951171875,2380318
TCS,2026-02-10,2949.800048828125,3011.60009765625,2943.5,2984.60009765625,3547763
TCS,2026-02-11,2980.0,2998.0,2904.199951171875,2909.800048828125,3363513
TCS,2026-02-12,2869.800048828125,2880.0,2740.0,2750.10009765625,10612156
TCS,2026-02-13,2585.0,2713.0,2585.0,2692.199951171875,11168735
TCS,2026-02-16,2700.0,2719.800048828125,2671.0,2706.60009765625,2918730
TCS,2026-02-17,2716.0,2760.0,2695.199951171875,2717.39990234375,4209118
TCS,2026-02-18,2730.0,2730.0,2657.300048828125,2694.89990234375,2950820
TCS,2026-02-19,2708.0,2748.699951171875,2666.60009765625,2677.89990234375,3238849
TCS,2026-02-20,2667.0,2702.60009765625,2647.5,2686.199951171875,2293482
TCS,2026-02-23,2686.0,2704.0,2660.199951171875,2676.300048828125,4699596
TCS,2026-02-24,2641.0,2647.5,2561.300048828125,2573.699951171875,7798833
TCS,2026-02-25,2596.0,2654.199951171875,2595.0,2629.300048828125,3621285
TCS,2026-02-26,2650.0,2671.0,2635.0,2647.699951171875,3464267
TCS,2026-02-27,2681.60009765625,2688.60009765625,2626.10009765625,2637.39990234375,5083717
TCS,2026-03-02,2592.0,2623.800048828125,2580.300048828125,2613.5,3374385
TCS,2026-03-04,2625.0,2635.0,2580.39990234375,2587.800048828125,3446434
TCS,2026-03-05,2600.0,2609.5,2546.39990234375,2578.800048828125,2960636
TCS,2026-03-06,2572.0,2619.199951171875,2553.60009765625,2557.60009765625,3998643
TCS,2026-03-09,2530.0,2560.0,2505.0,2527.39990234375,3653428
TCS,2026-03-10,2541.0,2545.199951171875,2490.10009765625,2513.10009765625,4323710
TCS,2026-03-11,2508.10009765625,2521.0,2460.10009765625,2464.89990234375,2720664
TCS,2026-03-12,2459.800048828125,2472.89990234375,2436.0,2442.39990234375,2752075
TCS,2026-03-13,2437.0,2445.89990234375,2397.0,2410.5,2466488
TCS,2026-03-16,2410.0,2425.0,2366.10009765625,2409.199951171875,3807907
TCS,2026-03-17,2420.0,2420.0,2360.0,2391.699951171875,2993367
TCS,2026-03-18,2410.0,2482.89990234375,2410.0,2440.800048828125,3082388
TCS,2026-03-19,2417.0,2424.0,2350.199951171875,2356.0,2757060
TCS,2026-03-20,2386.0,2407.800048828125,2364.199951171875,2390.60009765625,4206320
TCS,2026-03-23,2365.0,2406.800048828125,2348.0,2383.800048828125,3860515
TCS,2026-03-24,2404.10009765625,2435.39990234375,2379.10009765625,2398.800048828125,3420182
TCS,2026-03-25,2400.89990234375,2421.60009765625,2369.800048828125,2377.39990234375,5843778
TCS,2026-03-27,2403.89990234375,2422.10009765625,2385.0,2389.800048828125,4976257
